"";"m_glm";"m_gam";"m_bc";"m_brt";"m_gp"
"1";"0.988093999306278";"0.997207769684357";"0.938378714302232";"0.996794427101399";"0.997574864146144"
"2";"0.975806451612903";"0.97258064516129";"0.867741935483871";"0.969892473118279";"0.97258064516129"
"3";"0.989247311827957";"0.978494623655914";"0.876344086021505";"0.989247311827957";"1"
"4";"0.986559139784946";"0.994086021505376";"0.991397849462366";"0.980645161290323";"0.97258064516129"
"5";"0.986803519061584";"0.99266862170088";"0.980938416422287";"0.981427174975562";"0.975073313782991"
"6";"0.601892884193148";"0.811550932210341";"-0.0388402263092567";"0.723903306358894";"0.630670411348683"
"7";"0.135";"0.83";"0.01";"0.755";"0.65"
