"";"m_glm";"m_gam";"m_bc";"m_brt";"m_gp"
"1";"0.998118279569893";"1";"0.997236674760088";"0.998423228118858";"0.997869695918603"
"2";"0.996236559139785";"1";"0.888172043010753";"0.982795698924731";"0.979032258064516"
"3";"1";"1";"0.897849462365591";"1";"0.994623655913978"
"4";"0.996236559139785";"1";"0.990322580645161";"0.982795698924731";"0.984408602150538"
"5";"0.996578690127077";"1";"0.981915933528837";"0.98435972629521";"0.98533724340176"
"6";"0.896500851911786";"0.997938615208525";"0.216988574809316";"0.782677075957141";"0.620051401652162"
"7";"0.5";"0.745";"0.01";"0.835";"0.84"
