"";"mean_prob";"median_prob";"wmean_prob";"committee_av"
"1";"0.998973869811539";"0.998635680425483";"0.998976760319112";"0.998336512891664"
"2";"0.984408602150538";"0.981182795698925";"0.984408602150538";"0.981720430107527"
"3";"1";"0.994623655913978";"1";"1"
"4";"0.984408602150538";"0.986559139784946";"0.984408602150538";"0.981720430107527"
"5";"0.985826001955034";"0.987292277614858";"0.985826001955034";"0.983382209188661"
"6";"0.833701482966962";"0.891743478489859";"0.836364618294609";"0.87212805268702"
"7";"0.355";"0.195";"0.365";"0.295"
