"";"m_glm";"m_gam";"m_bc";"m_brt";"m_gp"
"1";"0.92775637468622";"0.941897608666931";"0.843338618047298";"0.950033293697979";"0.963295943982032"
"2";"0.701379310344828";"0.756436781609195";"0.541379310344828";"0.778620689655173";"0.805747126436782"
"3";"0.908045977011494";"0.88735632183908";"0.680459770114943";"0.895402298850575";"0.905747126436782"
"4";"0.793333333333333";"0.869080459770115";"0.860919540229885";"0.883218390804598";"0.9"
"5";"0.803761755485893";"0.870741901776385";"0.844514106583072";"0.884326018808777";"0.900522466039707"
"6";"-0.164674122148621";"-0.0389445453842538";"0.0414742214126843";"0.00169959795383212";"0.106973694896869"
"7";"0.46";"0.55";"0.04";"0.53";"0.58"
