"";"mean_prob";"median_prob";"wmean_prob";"committee_av"
"1";"0.95435790725327";"0.952051393843308";"0.955245210727969";"0.928380697582243"
"2";"0.79551724137931";"0.787931034482759";"0.800114942528736";"0.781034482758621"
"3";"0.904597701149425";"0.895402298850575";"0.914942528735632";"0.905747126436782"
"4";"0.890919540229885";"0.892528735632184";"0.885172413793103";"0.875287356321839"
"5";"0.892163009404389";"0.892789968652038";"0.887878787878788";"0.878056426332288"
"6";"0.228176853751088";"0.125081941982951";"0.19524819124425";"-0.943686545638813"
"7";"0.46";"0.53";"0.47";"0.495"
