"";"m_glm";"m_gam";"m_bc";"m_brt";"m_gp"
"1";"0.929892191835117";"0.94710833663628";"0.854547232131061";"0.958504161712247";"0.966835645395693"
"2";"0.708275862068966";"0.771494252873563";"0.559425287356322";"0.801494252873563";"0.827471264367816"
"3";"0.909195402298851";"0.906896551724138";"0.685057471264368";"0.925287356321839";"0.927586206896552"
"4";"0.799080459770115";"0.864597701149425";"0.874367816091954";"0.876206896551724";"0.899885057471264"
"5";"0.809090909090909";"0.868443051201672";"0.857157784743992";"0.880668756530826";"0.902403343782654"
"6";"-0.158319395641298";"-0.0243652476011473";"0.0996973063836576";"-0.0100545274118309";"0.0837372311488553"
"7";"0.47";"0.54";"0.04";"0.54";"0.59"
