"";"m_glm";"m_gam";"m_bc";"m_brt";"m_gp"
"1";"0.996474019846149";"0.99366009894478";"0.949410906803169";"0.993708713431897";"0.99236180617118"
"2";"0.962032085561497";"0.940106951871658";"0.829946524064171";"0.93903743315508";"0.923529411764706"
"3";"0.994652406417112";"0.951871657754011";"0.925133689839572";"0.978609625668449";"0.967914438502674"
"4";"0.967379679144385";"0.988235294117647";"0.904812834224599";"0.960427807486631";"0.955614973262032"
"5";"0.96985901798736";"0.98492950899368";"0.906660184735051";"0.962080700048614";"0.956733106465727"
"6";"0.753161060504261";"0.788103070883407";"0.105785161298426";"0.62145625607762";"0.470341040376735"
"7";"0.345";"0.575";"0.01";"0.49";"0.55"
