"";"m_glm";"m_gam";"m_bc";"m_brt";"m_gp"
"1";"0.996523009495982";"0.998755295836377";"0.982445580715851";"0.998597516435354";"0.996222059897736"
"2";"0.961081081081081";"0.987567567567567";"0.82972972972973";"0.984864864864865";"0.968648648648649"
"3";"0.989189189189189";"1";"0.87027027027027";"0.994594594594595";"0.989189189189189"
"4";"0.971891891891892";"0.987567567567568";"0.959459459459459";"0.99027027027027";"0.979459459459459"
"5";"0.973464373464373";"0.988697788697789";"0.951351351351351";"0.990663390663391";"0.98034398034398"
"6";"0.745870105160162";"0.86901045514261";"0.266587483768965";"0.720881824476042";"0.560358924900719"
"7";"0.43";"0.525";"0.02";"0.76";"0.63"
