"";"m_glm";"m_gam";"m_bc";"m_brt";"m_gp"
"1";"0.999199329402243";"0.975180656723321";"0.937317898022893";"0.996300150306394";"0.997664469880911"
"2";"0.987634408602151";"0.950537634408602";"0.869354838709677";"0.972043010752688";"0.968817204301075"
"3";"0.994623655913978";"0.962365591397849";"0.881720430107527";"0.994623655913978";"0.994623655913978"
"4";"0.993010752688172";"0.988172043010753";"0.987634408602151";"0.97741935483871";"0.974193548387097"
"5";"0.993157380254154";"0.985826001955034";"0.978005865102639";"0.978983382209189";"0.976050830889541"
"6";"0.899892363091068";"0.542310522772736";"-0.0434637436552245";"0.741491828328429";"0.611141644550666"
"7";"0.425";"0.025";"0.01";"0.67";"0.66"
