"";"mean_prob";"median_prob";"wmean_prob";"committee_av"
"1";"0.978689696588407";"0.978824101346907";"0.978824101346907";"0.963790786124853"
"2";"0.863636363636364";"0.862566844919786";"0.864705882352941";"0.849732620320856"
"3";"1";"0.989304812834225";"1";"0.93048128342246"
"4";"0.863636363636364";"0.873262032085562";"0.864705882352941";"0.919251336898396"
"5";"0.87603305785124";"0.883811375789985";"0.877005347593583";"0.920272241127856"
"6";"0.469636934071758";"0.47004777679395";"0.462810383419321";"-0.802202711405991"
"7";"0.27";"0.27";"0.28";"0.695"
