"";"mean_prob";"median_prob";"wmean_prob";"committee_av"
"1";"0.996016471732106";"0.995896365352169";"0.996019331407818";"0.992706397094569"
"2";"0.958288770053476";"0.967379679144385";"0.958823529411765";"0.954545454545455"
"3";"0.994652406417112";"0.994652406417112";"0.994652406417112";"0.978609625668449"
"4";"0.963636363636364";"0.972727272727273";"0.964171122994652";"0.975935828877005"
"5";"0.966456003889159";"0.974720466699076";"0.966942148760331";"0.976178901312591"
"6";"0.746379826429818";"0.80595233675242";"0.747940225849434";"0.659265315485056"
"7";"0.3";"0.325";"0.31";"0.495"
