"";"m_glm";"m_gam";"m_bc";"m_brt";"m_gp"
"1";"0.977668792358947";"0.987620463839401";"0.951525636992765";"0.992098716005605";"0.982530241070663"
"2";"0.867379679144385";"0.914438502673797";"0.747593582887701";"0.933155080213904";"0.892513368983957"
"3";"0.989304812834225";"1";"0.903743315508021";"0.989304812834225";"0.994652406417112"
"4";"0.87807486631016";"0.914438502673797";"0.843850267379679";"0.943850267379679";"0.897860962566845"
"5";"0.88818667963053";"0.922216820612543";"0.849295089936801";"0.947982498784638";"0.906660184735051"
"6";"0.327043400174766";"0.501250476478716";"0.199506682838557";"0.388211592225314";"0.218887703146784"
"7";"0.34";"0.4";"0.01";"0.64";"0.52"
