"";"mean_prob";"median_prob";"wmean_prob";"committee_av"
"1";"0.999051913516013";"0.999017227425136";"0.999077928084172";"0.997673141403631"
"2";"0.986021505376344";"0.98494623655914";"0.986021505376344";"0.980645161290322"
"3";"1";"1";"1";"0.994623655913978"
"4";"0.986021505376344";"0.98494623655914";"0.986021505376344";"0.986021505376344"
"5";"0.987292277614858";"0.986314760508309";"0.987292277614858";"0.986803519061584"
"6";"0.826264382227843";"0.910962309562871";"0.8289922066031";"0.841470901441582"
"7";"0.375";"0.095";"0.385";"0.495"
