"";"m_glm";"m_gam";"m_bc";"m_brt";"m_gp"
"1";"0.995441928414901";"0.986802045288532";"0.94445872899927";"0.994474799123448";"0.992061358655953"
"2";"0.951891891891892";"0.943243243243243";"0.817837837837838";"0.94972972972973";"0.932432432432432"
"3";"0.978378378378378";"0.978378378378378";"0.918918918918919";"0.994594594594595";"0.983783783783784"
"4";"0.973513513513514";"0.964864864864865";"0.898918918918919";"0.955135135135135";"0.948648648648649"
"5";"0.973955773955774";"0.966093366093366";"0.900737100737101";"0.958722358722359";"0.951842751842752"
"6";"0.721246176094424";"0.781288960374306";"0.0851124357018992";"0.680851489513068";"0.454523801731254"
"7";"0.54";"0.17";"0.01";"0.35";"0.52"
