"";"mean_prob";"median_prob";"wmean_prob";"committee_av"
"1";"0.970176441991478";"0.971434699305099";"0.970410935399926";"0.953016957876977"
"2";"0.828342245989305";"0.813368983957219";"0.828877005347594";"0.82620320855615"
"3";"0.946524064171123";"0.935828877005348";"0.946524064171123";"0.919786096256685"
"4";"0.881818181818182";"0.877540106951872";"0.882352941176471";"0.906417112299465"
"5";"0.887700534759358";"0.882839086047642";"0.88818667963053";"0.907632474477394"
"6";"0.379661607494166";"0.35707795825895";"0.370856764857111";"-1.02243516814184"
"7";"0.4";"0.42";"0.41";"0.695"
