"";"m_glm";"m_gam";"m_bc";"m_brt";"m_gp"
"1";"0.997283308072865";"0.999104921501902";"0.984354714175413";"0.99903056993337";"0.996708513254597"
"2";"0.968983957219251";"0.985561497326203";"0.825133689839572";"0.983957219251337";"0.964705882352941"
"3";"0.994652406417112";"1";"0.866310160427808";"0.994652406417112";"0.983957219251337"
"4";"0.974331550802139";"0.985561497326203";"0.958823529411765";"0.989304812834225";"0.980748663101604"
"5";"0.976178901312591";"0.986874088478367";"0.950413223140496";"0.989790957705396";"0.981040350024307"
"6";"0.769573898612069";"0.878525115876315";"0.271011482272835";"0.712282067674635";"0.557607298060983"
"7";"0.425";"0.48";"0.02";"0.785";"0.7"
