"";"m_glm";"m_gam";"m_bc";"m_brt";"m_gp"
"1";"0.968692270296548";"0.98203265749664";"0.939396322457033";"0.986916983614058";"0.971955160284824"
"2";"0.836363636363636";"0.878609625668449";"0.734224598930481";"0.911229946524064";"0.825668449197861"
"3";"0.989304812834225";"0.983957219251337";"0.93048128342246";"0.994652406417112";"0.935828877005348"
"4";"0.847058823529412";"0.894652406417112";"0.803743315508021";"0.916577540106952";"0.889839572192513"
"5";"0.859990277102577";"0.902771025765678";"0.815264948954789";"0.923675255226057";"0.894020418084589"
"6";"0.203860403891704";"0.397530364237118";"0.235136020924459";"0.256991600268186";"0.0558971206820995"
"7";"0.33";"0.45";"0.01";"0.62";"0.56"
