"";"m_glm";"m_gam";"m_bc";"m_brt";"m_gp"
"1";"0.999609781477627";"1";"0.996489478552434";"0.999687825182102";"0.998768643773847"
"2";"0.995698924731183";"1";"0.885483870967742";"0.994086021505376";"0.984408602150538"
"3";"1";"1";"0.897849462365591";"1";"1"
"4";"0.995698924731183";"1";"0.987634408602151";"0.994086021505376";"0.984408602150538"
"5";"0.996089931573803";"1";"0.979472140762463";"0.994623655913978";"0.985826001955034"
"6";"0.935245488547067";"0.997102879388182";"0.216774098035431";"0.81532242467531";"0.688145816695643"
"7";"0.67";"0.645";"0.01";"0.88";"0.76"
