"";"m_glm";"m_gam";"m_bc";"m_brt";"m_gp"
"1";"0.964765935542909";"0.94534587777746";"0.903085590094083";"0.962443878864137";"0.962998655952415"
"2";"0.822459893048128";"0.829411764705882";"0.726737967914438";"0.793048128342246";"0.80855614973262"
"3";"0.957219251336898";"0.935828877005348";"0.914438502673797";"0.941176470588235";"0.919786096256685"
"4";"0.86524064171123";"0.893582887700535";"0.812299465240642";"0.851871657754011";"0.888770053475936"
"5";"0.873602333495382";"0.897423432182791";"0.821584832280019";"0.859990277102577";"0.891589693728731"
"6";"0.177882489107223";"-0.325185612855802";"0.0556706350774969";"0.0722505345011949";"0.0371501244146133"
"7";"0.41";"0.51";"0.01";"0.435";"0.55"
