"";"mean_prob";"median_prob";"wmean_prob";"committee_av"
"1";"0.994623813002191";"0.995772096420745";"0.994641344046749";"0.990303871439007"
"2";"0.96";"0.959459459459459";"0.959459459459459";"0.96"
"3";"0.989189189189189";"0.989189189189189";"0.989189189189189";"0.989189189189189"
"4";"0.970810810810811";"0.97027027027027";"0.97027027027027";"0.970810810810811"
"5";"0.972481572481573";"0.971990171990172";"0.971990171990172";"0.972481572481573"
"6";"0.738173452995667";"0.803527220138221";"0.739001581561746";"0.507629757606368"
"7";"0.35";"0.31";"0.35";"0.495"
