"";"mean_prob";"median_prob";"wmean_prob";"committee_av"
"1";"0.952222486457921";"0.949916237283657";"0.953099616858238";"0.92557676047034"
"2";"0.791034482758621";"0.772873563218391";"0.793448275862069";"0.774022988505747"
"3";"0.920689655172414";"0.901149425287356";"0.924137931034483";"0.910344827586207"
"4";"0.870344827586207";"0.871724137931035";"0.869310344827586";"0.86367816091954"
"5";"0.874921630094044";"0.874399164054336";"0.874294670846395";"0.867920585161964"
"6";"0.21502561940718";"0.103456307103529";"0.179469396956993";"-1.0734450594423"
"7";"0.43";"0.5";"0.45";"0.495"
