"";"mean_prob";"median_prob";"wmean_prob";"committee_av"
"1";"0.969063945038975";"0.967646254458977";"0.969628220372572";"0.946805390408244"
"2";"0.819770114942529";"0.816436781609196";"0.82183908045977";"0.808735632183908"
"3";"0.926436781609195";"0.911494252873563";"0.924137931034483";"0.927586206896552"
"4";"0.893333333333333";"0.904942528735632";"0.897701149425287";"0.881149425287356"
"5";"0.896342737722048";"0.905538140020899";"0.900104493207942";"0.885370950888192"
"6";"0.342657031563809";"0.292676103663971";"0.309696437197651";"-0.916271049591453"
"7";"0.42";"0.5";"0.46";"0.495"
