"";"m_glm";"m_gam";"m_bc";"m_brt";"m_gp"
"1";"0.947293565860748";"0.96014731140177";"0.843788809618179";"0.960493460166469";"0.975002246003435"
"2";"0.766781609195402";"0.801494252873563";"0.516551724137931";"0.799080459770115";"0.841379310344827"
"3";"0.903448275862069";"0.918390804597701";"0.862068965517241";"0.919540229885057";"0.929885057471264"
"4";"0.863333333333333";"0.883103448275862";"0.65448275862069";"0.879540229885057";"0.911494252873563"
"5";"0.866980146290491";"0.886311389759666";"0.673354231974922";"0.883176593521421";"0.913166144200627"
"6";"9.72078378553842e-05";"0.162911661156237";"-0.047751186368391";"0.111272168913138";"0.229761944931273"
"7";"0.52";"0.5";"0.01";"0.48";"0.56"
