"";"m_glm";"m_gam";"m_bc";"m_brt";"m_gp"
"1";"0.925654511824547";"0.940549346016647";"0.844991874752279";"0.950218655040296";"0.961517109261461"
"2";"0.703908045977011";"0.757126436781609";"0.550459770114943";"0.78448275862069";"0.797471264367816"
"3";"0.86551724137931";"0.88735632183908";"0.68735632183908";"0.909195402298851";"0.902298850574713"
"4";"0.838390804597701";"0.869770114942529";"0.863103448275862";"0.875287356321839";"0.895172413793103"
"5";"0.84085684430512";"0.871368861024033";"0.847126436781609";"0.878369905956113";"0.895820271682341"
"6";"-0.178624385631936";"-0.0476296195917905";"0.0442046026168088";"0.0160690270627288";"0.100222100422153"
"7";"0.54";"0.56";"0.04";"0.5";"0.56"
