"";"mean_prob";"median_prob";"wmean_prob";"committee_av"
"AUC";"0.953053507728894";"0.951669242964725";"0.953859690844233";"0.924007200422777"
"TSS";"0.793793103448276";"0.785287356321839";"0.795632183908046";"0.783103448275862"
"Sens";"0.911494252873563";"0.901149425287356";"0.910344827586207";"0.904597701149425"
"Spec";"0.882298850574713";"0.884137931034483";"0.885287356321839";"0.878505747126437"
"PCC";"0.884952978056426";"0.885684430512017";"0.887565308254963";"0.880877742946709"
"D2";"0.228098806808147";"0.12816338058311";"0.196477596956933";"-1.0053415534915"
"THRESH";"0.44";"0.51";"0.47";"0.495"
