"";"m_glm";"m_gam";"m_bc";"m_brt";"m_gp"
"1";"0.928759941868146";"0.945918086933545";"0.855206764433875";"0.96275492138988";"0.976311137534681"
"2";"0.706551724137931";"0.768390804597701";"0.559540229885057";"0.81551724137931";"0.841494252873563"
"3";"0.908045977011494";"0.926436781609195";"0.685057471264368";"0.928735632183908";"0.909195402298851"
"4";"0.798505747126437";"0.841954022988506";"0.87448275862069";"0.886781609195402";"0.932298850574713"
"5";"0.80846394984326";"0.849634273772205";"0.857262277951933";"0.890595611285266";"0.930198537095089"
"6";"-0.167898598667324";"-0.0339301936802436";"0.0996996932122347";"0.0589069084298836";"0.188867846194444"
"7";"0.47";"0.5";"0.04";"0.52";"0.64"
