"";"m_glm";"m_gam";"m_bc";"m_brt";"m_gp"
"1";"0.951372175980975";"0.967682917162109";"0.859153719117453";"0.972084819659136";"0.984091293433743"
"2";"0.778505747126437";"0.82367816091954";"0.540344827586207";"0.836091954022989";"0.882183908045977"
"3";"0.913793103448276";"0.927586206896552";"0.88735632183908";"0.928735632183908";"0.932183908045977"
"4";"0.864712643678161";"0.896091954022988";"0.652988505747126";"0.90735632183908";"0.95"
"5";"0.869174503657262";"0.898955067920585";"0.674294670846395";"0.909299895506792";"0.948380355276907"
"6";"0.0117502960442681";"0.18442760495641";"0.0281401352545817";"0.15971701398244";"0.318827970812831"
"7";"0.52";"0.54";"0.01";"0.55";"0.64"
