"";"m_glm";"m_gam";"m_bc";"m_brt";"m_gp"
"1";"0.924842647641696";"0.939744748315497";"0.843389285242436";"0.947663495838288";"0.962150878583697"
"2";"0.700804597701149";"0.753563218390805";"0.533563218390805";"0.774137931034483";"0.799080459770115"
"3";"0.908045977011494";"0.896551724137931";"0.67816091954023";"0.909195402298851";"0.903448275862069"
"4";"0.792758620689655";"0.857011494252874";"0.855402298850575";"0.864942528735632";"0.895632183908046"
"5";"0.803239289446186";"0.860606060606061";"0.839289446185998";"0.868965517241379";"0.896342737722048"
"6";"-0.180688712394419";"-0.0529510579794124";"0.0445292425250569";"-0.0294020659482281";"0.0862636209077148"
"7";"0.46";"0.53";"0.04";"0.5";"0.58"
