"";"m_glm";"m_gam";"m_bc";"m_brt";"m_gp"
"1";"0.928073853877659";"0.945415114281939";"0.8535301228696";"0.962417888756771";"0.977587792310741"
"2";"0.705402298850575";"0.767011494252873";"0.557701149425287";"0.809310344827586";"0.847241379310345"
"3";"0.914942528735632";"0.901149425287356";"0.685057471264368";"0.914942528735632";"0.91264367816092"
"4";"0.790459770114943";"0.865862068965517";"0.87264367816092";"0.894367816091954";"0.934597701149425"
"5";"0.801776384535005";"0.869070010449321";"0.855590386624869";"0.896238244514107";"0.932601880877743"
"6";"-0.172176767207132";"-0.0380430326127292";"0.0989580362042815";"0.0505968656890287";"0.208600324868699"
"7";"0.46";"0.55";"0.04";"0.56";"0.64"
