;mean_prob;median_prob;wmean_prob;committee_av
AUC;0.960486902286902;0.953117463617464;0.964841995841996;0.95786735966736
TSS;0.792644906444906;0.781965904365904;0.803881912681913;0.788560914760915
Sens;0.906444906444906;0.904365904365904;0.912681912681913;0.914760914760915
Spec;0.8862;0.8776;0.8912;0.8738
PCC;0.887976646597336;0.879948914431673;0.893085203430031;0.877394636015326
D2;0.0561962713715011;0.0689003372046898;0.111841844707355;-0.535240726597251
thresh;0.51;0.55;0.52;0.645