;m_glm;m_bc;m_dom;m_gam;m_cart;m_rf;m_brt
AUC;0.922627027027027;0.89653367983368;0.746226819126819;0.943172972972973;0.940229106029106;0.994168814968815;0.961773804573805
TSS;0.694654885654886;0.653313929313929;0.379790852390852;0.753239916839917;0.775913929313929;0.952483991683992;0.815286902286902
Sens;0.885654885654886;0.929313929313929;0.852390852390852;0.916839916839917;0.929313929313929;0.991683991683992;0.902286902286902
Spec;0.809;0.724;0.5274;0.8364;0.8466;0.9608;0.913
PCC;0.815727057106368;0.742017879948914;0.555920452472177;0.843459222769568;0.853858784893268;0.963510308337895;0.912059843094326
D2;-0.247110997637507;0.121688021766895;-116.633.017.744.441;-0.0827898769446318;-0.199415692935793;0.184481449845476;-0.0261262026160489
thresh;0.5;0.01;0.52;0.5;0.585;0.7;0.67