;m_glm;m_bc;m_dom;m_gam;m_cart;m_rf;m_brt
AUC;0.918020374220374;0.875193347193347;0.746497089397089;0.931739708939709;0.908829313929314;0.994257796257796;0.94511185031185
TSS;0.682755925155925;0.639284823284823;0.379817879417879;0.725155925155925;0.73281288981289;0.952925987525988;0.764328898128898
Sens;0.925155925155925;0.823284823284823;0.879417879417879;0.925155925155925;0.88981288981289;0.987525987525988;0.898128898128898
Spec;0.7576;0.816;0.5004;0.8;0.843;0.9654;0.8662
PCC;0.772304324028462;0.81663929939792;0.533661740558292;0.810983397190294;0.847108191935778;0.967341725962416;0.869002006933041
D2;-0.256323271891104;0.0284551878147051;-113.644.194.858.364;-0.112141195411859;-0.364802542698613;0.189300868924225;-0.0652260224516756
thresh;0.39;0.02;0.5;0.41;0.6;0.72;0.53