"";"m_glm";"m_gam";"m_bc";"m_brt";"m_gp"
"1";"0.975215190597386";"0.977397123166233";"0.903817667076554";"0.971506191197918";"0.972944608081444"
"2";"0.855614973262032";"0.8524064171123";"0.747058823529412";"0.831016042780749";"0.834224598930481"
"3";"0.989304812834225";"0.957219251336898";"0.893048128342246";"0.93048128342246";"0.967914438502674"
"4";"0.866310160427808";"0.895187165775401";"0.854010695187166";"0.900534759358289";"0.866310160427808"
"5";"0.877491492464755";"0.900826446280992";"0.857559552746718";"0.90325717063685";"0.875546912980068"
"6";"0.308478591461928";"0.419808212840578";"-0.0238990382754647";"0.233693241320756";"0.101620387787321"
"7";"0.286666666666667";"0.29";"0.01";"0.51";"0.49"
