"";"m_glm";"m_gam";"m_bc";"m_brt"
"1";"0.988644464245935";"0.981059255959011";"0.91456616172867";"0.97507239919804"
"2";"0.9";"0.884328358208955";"0.806716417910448";"0.869402985074627"
"3";"0.955223880597015";"0.970149253731343";"0.858208955223881";"0.932835820895522"
"4";"0.944776119402985";"0.914179104477612";"0.948507462686567";"0.936567164179104"
"5";"0.94572591587517";"0.919267299864315";"0.940298507462687";"0.936227951153324"
"6";"0.531984994628648";"0.639314386556262";"-0.154043724560438";"0.303257693848025"
"7";"0.55";"0.05";"0.01";"0.625"
