"";"mean_prob";"median_prob";"wmean_prob";"committee_av"
"1";"0.989836266429049";"0.990421029182446";"0.989925373134328";"0.978664513254622"
"2";"0.906716417910448";"0.897761194029851";"0.907462686567164";"0.903731343283582"
"3";"0.970149253731343";"0.932835820895522";"0.970149253731343";"0.962686567164179"
"4";"0.936567164179104";"0.964925373134328";"0.937313432835821";"0.941044776119403"
"5";"0.939620081411126";"0.962008141112619";"0.940298507462687";"0.943012211668928"
"6";"0.68634398624212";"0.715599075096695";"0.686582704574328";"0.171755956125101"
"7";"0.26";"0.38";"0.27";"0.37"
