"";"m_glm";"m_gam";"m_bc";"m_brt"
"1";"0.992203163288037";"0.998713521942526";"0.982008799287146";"0.995711739808421"
"2";"0.919402985074627";"0.986567164179105";"0.835820895522388";"0.933582089552239"
"3";"0.955223880597015";"1";"0.873134328358209";"0.970149253731343"
"4";"0.964179104477612";"0.986567164179105";"0.962686567164179";"0.963432835820896"
"5";"0.963364993215739";"0.987788331071913";"0.954545454545455";"0.9640434192673"
"6";"0.608860630359414";"0.832162422218482";"0.160863311374496";"0.54057679809864"
"7";"0.6";"0.59";"0.02";"0.65"
