"";"mean_prob";"median_prob";"wmean_prob";"committee_av"
"1";"0.989290487859211";"0.990309645800846";"0.989401871240811";"0.975453887280018"
"2";"0.900746268656716";"0.896268656716418";"0.899253731343284";"0.900746268656716"
"3";"0.947761194029851";"0.955223880597015";"0.947761194029851";"0.947761194029851"
"4";"0.952985074626866";"0.941044776119403";"0.951492537313433";"0.952985074626866"
"5";"0.952510176390773";"0.942333785617368";"0.951153324287653";"0.952510176390773"
"6";"0.668604973519805";"0.704408674656154";"0.66851874015422";"0.137152201944182"
"7";"0.4";"0.29";"0.4";"0.62"
