"";"m_glm";"m_gam";"m_bc";"m_brt"
"1";"0.990382044998886";"0.998496324348407";"0.9833426152818";"0.995243929605703"
"2";"0.913432835820895";"0.975373134328358";"0.836567164179105";"0.931343283582089"
"3";"0.970149253731343";"0.992537313432836";"0.873134328358209";"1"
"4";"0.943283582089552";"0.982835820895522";"0.963432835820896";"0.93134328358209"
"5";"0.94572591587517";"0.983717774762551";"0.955223880597015";"0.937584803256445"
"6";"0.55270967202786";"0.79951082314434";"0.161702318995342";"0.513722918631279"
"7";"0.53";"0.6";"0.02";"0.51"
