"";"m_glm";"m_gam";"m_bc";"m_brt"
"1";"0.989095566941412";"0.988828246825574";"0.909631877923814";"0.984044330585877"
"2";"0.903731343283582";"0.885820895522388";"0.793283582089552";"0.872388059701493"
"3";"0.947761194029851";"0.955223880597015";"0.850746268656716";"0.932835820895522"
"4";"0.955970149253731";"0.930597014925373";"0.942537313432836";"0.93955223880597"
"5";"0.955223880597015";"0.932835820895522";"0.934192672998643";"0.938941655359566"
"6";"0.587480373408943";"0.652949192986184";"-0.165001174373119";"0.382312142897869"
"7";"0.55";"0.1";"0.01";"0.6"
